{"stat.walkOneCm":9150,"stat.leaveGame":1,"stat.pickup.minecraft.crafting_table":4,"stat.useItem.minecraft.cobblestone":1,"stat.craftItem.minecraft.crafting_table":1,"stat.furnaceInteraction":4,"stat.mineBlock.minecraft.coal_ore":24,"stat.craftItem.minecraft.coal":3,"stat.pickup.minecraft.log":28,"stat.jump":62,"stat.pickup.minecraft.coal":24,"stat.fallOneCm":687,"stat.pickup.minecraft.furnace":1,"stat.useItem.minecraft.stone_axe":30,"stat.pickup.minecraft.stone":16,"stat.drop.minecraft.sapling":1,"stat.crouchOneCm":9114,"stat.craftItem.minecraft.torch":4,"stat.pickup.minecraft.sapling":2,"stat.pickup.minecraft.dirt":8,"stat.useItem.minecraft.dirt":2,"stat.sprintOneCm":3242,"stat.craftItem.minecraft.stick":12,"stat.craftingTableInteraction":9,"stat.craftItem.minecraft.furnace":1,"stat.craftItem.minecraft.planks":20,"stat.craftItem.minecraft.stone_axe":1,"stat.mineBlock.minecraft.crafting_table":4,"stat.craftItem.minecraft.stone_pickaxe":4,"stat.mineBlock.minecraft.furnace":1,"stat.useItem.minecraft.wooden_pickaxe":3,"stat.useItem.minecraft.furnace":1,"stat.pickup.minecraft.cobblestone":196,"stat.mineBlock.minecraft.log":28,"stat.flyOneCm":2602,"stat.drop":1,"stat.mineBlock.minecraft.leaves":3,"stat.playOneMinute":38104,"stat.useItem.minecraft.stone_pickaxe":237,"stat.sneakTime":4353,"stat.timeSinceDeath":38104,"stat.mineBlock.minecraft.dirt":8,"stat.useItem.minecraft.crafting_table":4,"stat.craftItem.minecraft.wooden_pickaxe":1,"stat.mineBlock.minecraft.stone":215,"stat.mineBlock.minecraft.tallgrass":3}