{"stats":{"minecraft:mined":{"minecraft:grass_block":4,"minecraft:oak_log":4,"minecraft:dirt":9,"minecraft:stone":7,"minecraft:andesite":1,"minecraft:sugar_cane":2,"minecraft:crafting_table":1,"minecraft:fern":1},"minecraft:used":{"minecraft:stone_axe":1,"minecraft:dirt":9,"minecraft:crafting_table":1,"minecraft:wooden_pickaxe":8,"minecraft:sugar_cane":3},"minecraft:custom":{"minecraft:time_since_rest":5582,"minecraft:crouch_one_cm":569,"minecraft:play_time":5582,"minecraft:sprint_one_cm":11936,"minecraft:damage_taken":150,"minecraft:walk_one_cm":4943,"minecraft:sneak_time":430,"minecraft:drop":1,"minecraft:jump":190,"minecraft:time_since_death":5582,"minecraft:total_world_time":5582,"minecraft:climb_one_cm":370,"minecraft:interact_with_crafting_table":2,"minecraft:fly_one_cm":54358,"minecraft:fall_one_cm":8591},"minecraft:dropped":{"minecraft:wheat_seeds":1},"minecraft:crafted":{"minecraft:oak_planks":16,"minecraft:stone_axe":1,"minecraft:crafting_table":1,"minecraft:stick":4,"minecraft:wooden_pickaxe":1},"minecraft:picked_up":{"minecraft:crafting_table":1,"minecraft:andesite":1,"minecraft:wheat_seeds":1,"minecraft:oak_log":4,"minecraft:sugar_cane":3,"minecraft:dirt":13,"minecraft:cobblestone":7}},"DataVersion":3953}